-- =============================================================================
-- Lidera DRE: seed categorias, subcategorias e lançamentos (mock)
-- Rodar após 001_schema_dre.sql e 002_dre_auth_roles.sql
-- =============================================================================

-- Garantir organização padrão (id usado nos lançamentos)
INSERT INTO public.dre_organizacoes (id, nome)
VALUES ('00000000-0000-4000-8000-000000000001', 'Organização padrão')
ON CONFLICT (id) DO NOTHING;

-- IDs fixos para referência nos lançamentos
INSERT INTO public.dre_categorias (id, nome, tipo, ordem) VALUES
  ('a1000001-0000-4000-8000-000000000001', 'Receitas diretas', 'entrada', 1),
  ('a1000001-0000-4000-8000-000000000002', 'Outras Entradas', 'entrada', 2),
  ('a1000001-0000-4000-8000-000000000003', 'Devoluções de Compra de Serviços', 'entrada', 3),
  ('b2000001-0000-4000-8000-000000000001', 'Despesas Administrativas', 'saida', 1),
  ('b2000001-0000-4000-8000-000000000002', 'Despesas Financeiras', 'saida', 2),
  ('b2000001-0000-4000-8000-000000000003', 'Despesas com Vendas e Marketing', 'saida', 3),
  ('b2000001-0000-4000-8000-000000000004', 'Outras Despesas', 'saida', 4),
  ('b2000001-0000-4000-8000-000000000005', 'Impostos e Taxas', 'saida', 5),
  ('b2000001-0000-4000-8000-000000000006', 'Despesas com Pessoal', 'saida', 6),
  ('b2000001-0000-4000-8000-000000000007', 'Investimento', 'saida', 7)
ON CONFLICT (id) DO NOTHING;

-- Subcategorias (categoria_id referencia categorias acima)
INSERT INTO public.dre_subcategorias (id, categoria_id, nome, ordem) VALUES
  ('c3000001-0000-4000-8000-000000000001', 'a1000001-0000-4000-8000-000000000001', 'Clientes - Serviços Pontuais', 1),
  ('c3000001-0000-4000-8000-000000000002', 'a1000001-0000-4000-8000-000000000001', 'Clientes - Variáveis', 2),
  ('c3000001-0000-4000-8000-000000000003', 'a1000001-0000-4000-8000-000000000001', 'Clientes - Serviços Recorrentes', 3),
  ('c3000001-0000-4000-8000-000000000004', 'a1000001-0000-4000-8000-000000000002', 'Integralização de capital', 1),
  ('c3000001-0000-4000-8000-000000000005', 'a1000001-0000-4000-8000-000000000002', 'Investimento CDB', 2),
  ('c3000001-0000-4000-8000-000000000006', 'a1000001-0000-4000-8000-000000000003', 'Estornos / Devoluções', 1),
  ('d4000001-0000-4000-8000-000000000001', 'b2000001-0000-4000-8000-000000000001', 'Domínio / Certificado', 1),
  ('d4000001-0000-4000-8000-000000000002', 'b2000001-0000-4000-8000-000000000001', 'Google Workspace / ERP', 2),
  ('d4000001-0000-4000-8000-000000000003', 'b2000001-0000-4000-8000-000000000001', 'Outros', 3),
  ('d4000001-0000-4000-8000-000000000004', 'b2000001-0000-4000-8000-000000000002', 'Cesta / Relacionamento', 1),
  ('d4000001-0000-4000-8000-000000000005', 'b2000001-0000-4000-8000-000000000003', 'Design / Freelancer', 1),
  ('d4000001-0000-4000-8000-000000000006', 'b2000001-0000-4000-8000-000000000003', 'Meta Ads / API', 2),
  ('d4000001-0000-4000-8000-000000000007', 'b2000001-0000-4000-8000-000000000004', 'Integralização / Transferência', 1),
  ('d4000001-0000-4000-8000-000000000008', 'b2000001-0000-4000-8000-000000000005', 'SEFAZ / Junta Comercial', 1),
  ('d4000001-0000-4000-8000-000000000009', 'b2000001-0000-4000-8000-000000000006', 'Pró-labore', 1),
  ('d4000001-0000-4000-8000-00000000000a', 'b2000001-0000-4000-8000-000000000007', 'CDB / Aplicação', 1)
ON CONFLICT (id) DO NOTHING;

-- Lançamentos de exemplo (organizacao_id = org padrão; created_by fica null)
INSERT INTO public.dre_lancamentos (data_lancamento, tipo, categoria_id, subcategoria_id, descricao, valor, observacoes, responsavel, organizacao_id) VALUES
  ('2026-01-02', 'saida', 'b2000001-0000-4000-8000-000000000001', 'd4000001-0000-4000-8000-000000000001', '3 anos de domínio www.adventurelabs.com.br', 184.00, 'PIX', 'Nubank PF Ribas', '00000000-0000-4000-8000-000000000001'),
-- Lançamentos de exemplo (organizacao_id = org padrão; created_by fica null)
INSERT INTO public.dre_lancamentos (data_lancamento, tipo, categoria_id, subcategoria_id, descricao, valor, observacoes, responsavel, organizacao_id) VALUES
  ('2026-01-02', 'saida', 'b2000001-0000-4000-8000-000000000001', 'd4000001-0000-4000-8000-000000000001', '3 anos de domínio www.adventurelabs.com.br', 184.00, 'PIX', 'Nubank PF Ribas', '00000000-0000-4000-8000-000000000001'),
  ('2026-01-06', 'entrada', 'a1000001-0000-4000-8000-000000000001', 'c3000001-0000-4000-8000-000000000001', 'Projeto Rose - SPEED', 240.00, 'PIX', 'Nubank PF Ribas', '00000000-0000-4000-8000-000000000001'),
  ('2026-01-13', 'saida', 'b2000001-0000-4000-8000-000000000001', 'd4000001-0000-4000-8000-000000000001', 'Certificado Digital A3 (3 anos)', 389.00, 'BOLETO', 'Young Empreendimentos', '00000000-0000-4000-8000-000000000001'),
  ('2026-01-14', 'entrada', 'a1000001-0000-4000-8000-000000000001', 'c3000001-0000-4000-8000-000000000001', 'Rose Workspace', 250.00, 'PIX', 'Sicredi', '00000000-0000-4000-8000-000000000001'),
  ('2026-01-14', 'entrada', 'a1000001-0000-4000-8000-000000000001', 'c3000001-0000-4000-8000-000000000001', 'Criativos Lidera (50%)', 450.00, 'PIX', 'Sicredi', '00000000-0000-4000-8000-000000000001'),
  ('2026-01-14', 'saida', 'b2000001-0000-4000-8000-000000000002', 'd4000001-0000-4000-8000-000000000004', 'Cesta de relacionamento', 64.90, 'TED', 'Sicredi', '00000000-0000-4000-8000-000000000001'),
  ('2026-01-15', 'saida', 'b2000001-0000-4000-8000-000000000003', 'd4000001-0000-4000-8000-000000000005', 'Design Gráfico - Freelancer', 75.00, 'PIX', 'Nubank PF Ribas', '00000000-0000-4000-8000-000000000001'),
  ('2026-01-15', 'saida', 'b2000001-0000-4000-8000-000000000001', 'd4000001-0000-4000-8000-000000000002', 'Google Workspace', 50.00, 'PIX', 'Sicredi', '00000000-0000-4000-8000-000000000001'),
  ('2026-01-15', 'saida', 'b2000001-0000-4000-8000-000000000004', 'd4000001-0000-4000-8000-000000000007', 'Integralização de capital', 1.00, 'TED', 'Sicredi', '00000000-0000-4000-8000-000000000001'),
  ('2026-01-15', 'entrada', 'a1000001-0000-4000-8000-000000000003', 'c3000001-0000-4000-8000-000000000006', 'Cesta de relacionamento - estorno', 64.90, 'TED', 'Sicredi', '00000000-0000-4000-8000-000000000001'),
  ('2026-01-16', 'saida', 'b2000001-0000-4000-8000-000000000004', 'd4000001-0000-4000-8000-000000000007', 'Transferência da Integralização de capital', 500.00, 'PIX', 'Sicredi', '00000000-0000-4000-8000-000000000001'),
  ('2026-01-16', 'entrada', 'a1000001-0000-4000-8000-000000000002', 'c3000001-0000-4000-8000-000000000004', 'Integralização de capital', 500.00, 'PIX', 'Sicredi', '00000000-0000-4000-8000-000000000001'),
  ('2026-01-16', 'entrada', 'a1000001-0000-4000-8000-000000000002', 'c3000001-0000-4000-8000-000000000004', 'Integralização de capital', 50000.00, 'TED', 'Sicredi', '00000000-0000-4000-8000-000000000001'),
  ('2026-01-21', 'saida', 'b2000001-0000-4000-8000-000000000003', 'd4000001-0000-4000-8000-000000000006', 'Fundos - Conta de anúncios', 200.00, 'PIX', 'Sicredi', '00000000-0000-4000-8000-000000000001'),
  ('2026-01-23', 'saida', 'b2000001-0000-4000-8000-000000000001', 'd4000001-0000-4000-8000-000000000002', 'ERP 1/12', 247.20, 'PIX', 'Sicredi', '00000000-0000-4000-8000-000000000001'),
  ('2026-02-04', 'saida', 'b2000001-0000-4000-8000-000000000003', 'd4000001-0000-4000-8000-000000000006', 'Gemini API', 200.00, 'PIX', 'Sicredi', '00000000-0000-4000-8000-000000000001'),
  ('2026-02-05', 'entrada', 'a1000001-0000-4000-8000-000000000001', 'c3000001-0000-4000-8000-000000000002', 'Assessoria em Tráfego Pago', 4508.33, 'PIX', 'Sicredi', '00000000-0000-4000-8000-000000000001'),
  ('2026-02-05', 'entrada', 'a1000001-0000-4000-8000-000000000001', 'c3000001-0000-4000-8000-000000000003', 'Assessoria em Tráfego Pago', 1300.00, 'PIX', 'Sicredi', '00000000-0000-4000-8000-000000000001'),
  ('2026-02-09', 'saida', 'b2000001-0000-4000-8000-000000000005', 'd4000001-0000-4000-8000-000000000008', 'Alteração Contrato Social', 197.50, 'PIX', 'Sicredi', '00000000-0000-4000-8000-000000000001'),
  ('2026-02-09', 'saida', 'b2000001-0000-4000-8000-000000000006', 'd4000001-0000-4000-8000-000000000009', 'Pró-labore sócio', 6000.00, 'PIX', 'Sicredi', '00000000-0000-4000-8000-000000000001'),
  ('2026-02-12', 'entrada', 'a1000001-0000-4000-8000-000000000001', 'c3000001-0000-4000-8000-000000000001', 'Projeto Rose - SPEED (2/3)', 240.00, 'PIX', 'Sicredi', '00000000-0000-4000-8000-000000000001'),
  ('2026-02-12', 'entrada', 'a1000001-0000-4000-8000-000000000001', 'c3000001-0000-4000-8000-000000000001', 'Rose Workspace (2/2)', 250.00, 'PIX', 'Sicredi', '00000000-0000-4000-8000-000000000001'),
  ('2026-02-13', 'entrada', 'a1000001-0000-4000-8000-000000000001', 'c3000001-0000-4000-8000-000000000001', 'Design Gráfico - Pontual', 60.00, 'PIX', 'Sicredi', '00000000-0000-4000-8000-000000000001'),
  ('2026-02-18', 'saida', 'b2000001-0000-4000-8000-000000000001', 'd4000001-0000-4000-8000-000000000003', 'Placa PS Adesivada Adventure', 80.96, 'BOLETO', 'Sicredi', '00000000-0000-4000-8000-000000000001'),
  ('2026-02-18', 'saida', 'b2000001-0000-4000-8000-000000000003', 'd4000001-0000-4000-8000-000000000006', 'Meta Ads', 300.00, 'PIX', 'Sicredi', '00000000-0000-4000-8000-000000000001'),
  ('2026-02-19', 'saida', 'b2000001-0000-4000-8000-000000000001', 'd4000001-0000-4000-8000-000000000003', 'Display Acrílico', 230.00, 'BOLETO', 'Sicredi', '00000000-0000-4000-8000-000000000001'),
  ('2026-02-20', 'saida', 'b2000001-0000-4000-8000-000000000004', 'd4000001-0000-4000-8000-000000000007', 'Investimento CDB', 40000.00, 'PIX', 'Sicredi', '00000000-0000-4000-8000-000000000001'),
  ('2026-02-20', 'entrada', 'a1000001-0000-4000-8000-000000000002', 'c3000001-0000-4000-8000-000000000005', 'Investimento CDB', 40000.00, 'PIX', 'Inter', '00000000-0000-4000-8000-000000000001'),
  ('2026-02-20', 'saida', 'b2000001-0000-4000-8000-000000000007', 'd4000001-0000-4000-8000-00000000000a', 'Investimento CDB', 40000.00, 'TED', 'Inter', '00000000-0000-4000-8000-000000000001'),
  ('2026-02-23', 'saida', 'b2000001-0000-4000-8000-000000000003', 'd4000001-0000-4000-8000-000000000006', 'Meta Ads', 300.00, 'PIX', 'Sicredi', '00000000-0000-4000-8000-000000000001'),
  ('2026-02-23', 'saida', 'b2000001-0000-4000-8000-000000000001', 'd4000001-0000-4000-8000-000000000002', 'Google Cloud', 200.00, 'PIX', 'Sicredi', '00000000-0000-4000-8000-000000000001'),
  ('2026-02-25', 'saida', 'b2000001-0000-4000-8000-000000000001', 'd4000001-0000-4000-8000-000000000003', 'Alvo Certo (ISAAC)', 2658.00, 'TED', 'Sicredi', '00000000-0000-4000-8000-000000000001'),
  ('2026-02-25', 'saida', 'b2000001-0000-4000-8000-000000000003', 'd4000001-0000-4000-8000-000000000005', 'Rupa Creative (IGOR)', 562.50, 'PIX', 'Sicredi', '00000000-0000-4000-8000-000000000001'),
  ('2026-02-25', 'saida', 'b2000001-0000-4000-8000-000000000001', 'd4000001-0000-4000-8000-000000000003', 'Triangullo', 230.00, 'BOLETO', 'Sicredi', '00000000-0000-4000-8000-000000000001'),
  ('2026-02-27', 'saida', 'b2000001-0000-4000-8000-000000000001', 'd4000001-0000-4000-8000-000000000002', 'Omie ERP', 252.22, 'BOLETO', 'Sicredi', '00000000-0000-4000-8000-000000000001');
